optaEvent.id,optaEvent.seqId,optaEvent.eventId,optaEvent.typeId,optaEvent.periodId,optaEvent.timeMin,optaEvent.timeSec,optaEvent.contestantId,optaEvent.opContestantId,optaEvent.opPlayerId,optaEvent.outcome,optaEvent.x,optaEvent.y,optaEvent.timeStamp,optaEvent.lastModified,optaEvent.qualifier,optaEvent.game_id,optaEvent.period,optaEvent.alignedFrameIdx,optaEvent.alignedClock,optaEvent.markingId,optaEvent.playerId,optaEvent.playerName,optaEvent.primaryKitColour,optaEvent.secondaryKitColour,2sMarking.id,2sMarking.startWallClock,2sMarking.endWallClock,2sMarking.gameId,2sMarking.possId,2sMarking.teamId,2sMarking.defTeamId,2sMarking.passId,2sMarking.startClock,2sMarking.endClock,2sMarking.duration,2sMarking.distance,2sMarking.runType,2sMarking.overlap,2sMarking.offside,2sMarking.targeted,2sMarking.passBeforeRun,2sMarking.overlapTeammateId,2sMarking.overlapDefenderId,2sMarking.runStartLoc,2sMarking.runEndLoc,2sMarking.runStartZone,2sMarking.runEndZone,2sMarking.zones,2sMarking.maxSpeed,2sMarking.avgSpeed,2sMarking.startGoalDist,2sMarking.finalGoalDist,2sMarking.period,2sMarking.passBeforeId,2sMarking.startFrameIdx,2sMarking.endFrameIdx,2sMarking.phaseId,2sMarking.playerId,2sMarking.direction,2sMarking.markedAtStart,2sMarking.markedAtEnd,2sMarking.startLocOffCategory,2sMarking.endLocOffCategory,2sMarking.startLocDefCategory,2sMarking.endLocDefCategory,2sMarking.underlap,2sMarking.markingType,2sMarking.optaId,2sMarking.wallClock,2sMarking.passerId,2sMarking.receptionId,2sMarking.touchId,2sMarking.stateId,2sMarking.frameIdx,2sMarking.targetId,2sMarking.receiverId,2sMarking.passLoc,2sMarking.targetLoc,2sMarking.endLoc,2sMarking.targetDistance,2sMarking.goalDistance,2sMarking.endGoalDistance,2sMarking.passZone,2sMarking.endZone,2sMarking.targetZone,2sMarking.blocked,2sMarking.completed,2sMarking.outcome,2sMarking.options,2sMarking.supportingOptions,2sMarking.optionsAtReception,2sMarking.bodyPart,2sMarking.deadBallType,2sMarking.timeToRestart,2sMarking.passerDefId,2sMarking.targetDefId,2sMarking.passerDefDist,2sMarking.targetDefDist,2sMarking.assistType,2sMarking.assist,2sMarking.vel,2sMarking.passerVel,2sMarking.defBehindPasser,2sMarking.defBehindReceiver,2sMarking.defBehindTarget,2sMarking.attAheadPasser,2sMarking.attAheadTarget,2sMarking.attAheadReceiver,2sMarking.receivedBetweenLines,2sMarking.gameClock,2sMarking.passProbability,2sMarking.deflected,2sMarking.air,2sMarking.longBall,2sMarking.crossSwing,2sMarking.passLocOffCategory,2sMarking.throughBall,2sMarking.oneTouch,2sMarking.defendersPassed,2sMarking.crossed,2sMarking.passLocDefCategory,2sMarking.offensive,2sMarking.defInBox,2sMarking.attInBox,2sMarking.breaksOffsideLine,2sMarking.presserId,2sMarking.attTeamId,2sMarking.pressedId,2sMarking.playerInPossPressed,2sMarking.startDist,2sMarking.endDist,2sMarking.startLoc,2sMarking.forwardDefending,2sMarking.shotId,2sMarking.tackleId,2sMarking.startZone,2sMarking.distToPossEnd,2sMarking.intensity,2sMarking.startDefBehindBall,2sMarking.endDefBehindBall,2sMarking.startAttAheadBall,2sMarking.endAttAheadBall,2sMarking.distTraveled,2sMarking.startOptions,2sMarking.endOptions,2sMarking.defenders,2sMarking.startDefenderDist,2sMarking.endDefenderDist,2sMarking.behindBackLine,2sMarking.headed,2sMarking.overcommit,2sMarking.xG,2sMarking.minGoalDist,2sMarking.directness,2sMarking.zonesTouched,2sMarking.dribble,2sMarking.dribbleSuccessful,2sMarking.overload,2sMarking.endDead,2sMarking.startDead,2sMarking.isTurnover,2sMarking.fromTurnover,2sMarking.firstPlayerId,2sMarking.lastPlayerId,2sMarking.playersInvolved,2sMarking.width,2sMarking.ballDistTraveled,2sMarking.numPasses,2sMarking.defensiveHeight,2sMarking.phasesSinceRestart,2sMarking.phaseType,2sMarking.prevPhaseType,2sMarking.nextPhaseType,2sMarking.events,2sMarking.nextStartFrameIdx,2sMarking.turnoverType,2sMarking.contested,2sMarking.startType,2sMarking.shotSetPiece,2sMarking.shotTechnique,2sMarking.shotOutcome,2sMarking.scoreDiff,2sMarking.attSide,2sMarking.defSide,2sMarking.verticalPassing,2sMarking.verticalCarrying,2sMarking.state,2sMarking.statesSinceRestart,2sMarking.isSetPlay,2sMarking.setPlayType,2sMarking.startSetPlay,2sMarking.pressingPlayers,2sMarking.pressedPlayers,2sMarking.pressures,2sMarking.totalDistance,2sMarking.avgVel,2sMarking.topSustainedSpeed,2sMarking.zonesInvolved,2sMarking.receptionZone,2sMarking.receptionLoc,2sMarking.receiverSpd,2sMarking.receiverDir,2sMarking.receptionVel,2sMarking.interceptorId,2sMarking.passerTeamId,2sMarking.interceptorTeamId,2sMarking.nextPossId,2sMarking.retained,2sMarking.deflectorId,2sMarking.nextPhaseId,2sMarking.attemptSuccessful,2sMarking.interceptionType,2sMarking.anticipationTime,2sMarking.reactionTime,2sMarking.routeEfficiency,2sMarking.timeVsModel,2sMarking.xgCreated,2sMarking.ledToShot,2sMarking.ledToGoal,2sMarking.tacklerId,2sMarking.tackledId,2sMarking.tacklerTeamId,2sMarking.tackledTeamId,2sMarking.tackleWon,2sMarking.zone,2sMarking.touchFromPass,2sMarking.timeToTackleTouch,2sMarking.initialDistTouch,2sMarking.timeToTackle,2sMarking.initialDist,2sMarking.tackleLoc,2sMarking.touchTacklerLoc,2sMarking.tackledSpeed,2sMarking.tackledPossessed,2sMarking.fromAerial,2sMarking.fromClear,2sMarking.winnerId,2sMarking.loserId,2sMarking.aerialLoc,2sMarking.possessionWon,2sMarking.defenderId,2sMarking.defPressure,2sMarking.recoveredBy,2sMarking.recoveredLive,2sMarking.primaryDefenderId,2sMarking.defenderIds,2sMarking.gkId,2sMarking.goalDist,2sMarking.angle,2sMarking.shotLoc,2sMarking.prevLoc,2sMarking.isScored,2sMarking.passType,2sMarking.numDefGoalside,2sMarking.isOnGoal,2sMarking.isDeflected,2sMarking.shotZone,2sMarking.shooterId,2sMarking.keeperInitialDist,2sMarking.keeperReactionDist,2sMarking.velocity,2sMarking.gkVel,2sMarking.gkLoc,2sMarking.concedingPlayerId,2sMarking.wonPlayerId,2sMarking.location,2sMarking.isPenalty,2sMarking.nextStateId,2sMarking.takerId,2sMarking.leftSide,2sMarking.attKeeperUp,2sMarking.crosserId,2sMarking.hasShot,2sMarking.scored,2sMarking.attInGkBox,2sMarking.attOnEdge,2sMarking.attLeftBack,2sMarking.shortOptionId,2sMarking.playedShort,2sMarking.keeperId,2sMarking.defInGkBox,2sMarking.defOnEdge,2sMarking.defLeftUp,2sMarking.defInWall,2sMarking.nearPostDefenderId,2sMarking.farPostDefenderId,2sMarking.nextContactPlayerId,2sMarking.nextContactOutcome,2sMarking.nextContactZone,2sMarking.nextContactLoc,2sMarking.secondContactId,2sMarking.isOffenseNextContact,2sMarking.cardType,clock_time,adjusted_alignedClock,video_time
2751201975.0,118.0,31.0,1.0,1.0,2.0,32.0,cftj6g399tknheudaxsdpfdgb,547.0,165922.0,0.0,23.0,18.0,2024-11-24T13:05:03.454,2024-11-24T13:05:12,,5fb9091b-ba4e-4920-a3d8-417bfabc09c1,1.0,3784.0,151.36000061035156,a1645967-835a-5b4e-9a63-e9baebfc9364,5f3wfx327z9hef9k9l37c90wl,J. Grønning,,,a1645967-835a-5b4e-9a63-e9baebfc9364,,,2442638.0,c0991b39-2855-5a66-9931-34f43bf151fd,547.0,401.0,,,,5.08,51.74,,,,,,,,,,,,,,,,,1.0,,,3911.0,0cf7a31d-4cbe-5e2b-835d-cae26dd292d5,,forward,,,,forward,,behind,,pass,2751201975.0,1732453495600.0,165922.0,99c05fea-51b3-5394-815c-535c1c0fff64,83e3a21b-0896-5837-8964-4eed48ec3620,62b16eb0-6617-569b-b5d6-00beb5f359b5,3784.0,544773.0,439449.0,,,,41.63,84.72,40.98,5-r,15,12,False,False,interception,2.0,2.0,0.0,feet,,,427398.0,439449.0,1.93,3.71,,False,,,7.0,2.0,1.0,5.0,0.0,0.0,False,151.36,0.1127,False,True,True,,central,False,True,,False,central,True,,,True,,,,,,,,,,,,,,,,,,,,,,,,,,,,,,,,,,,,,,,,,,,,,,,,,,,,,,,,,,,,,,,,,,,,,,,,,,,,,,,,,,,,,,,,,,,,,,,,,,,,,,,,,,,,,,,,,,,,,,,,,,,,,,,,,,,,,,,,,,,,,,,,,,,,,,,,,,,,,,,,,,,,,,,,,151.36000061035156,,475.86000061035156
2751203045.0,149.0,38.0,1.0,1.0,3.0,34.0,cftj6g399tknheudaxsdpfdgb,547.0,165922.0,1.0,31.3,37.1,2024-11-24T13:06:05.07,2024-11-24T13:06:10,,5fb9091b-ba4e-4920-a3d8-417bfabc09c1,1.0,5362.0,214.47999572753903,43001f9b-dc2f-5f02-bf55-93eb55d586fb,5f3wfx327z9hef9k9l37c90wl,J. Grønning,#000033,,43001f9b-dc2f-5f02-bf55-93eb55d586fb,,,2442638.0,ef081970-fc9d-545f-a4ac-1a9a572d8515,547.0,401.0,,,,2.2,18.29,,,,,,,,,,,,,,,,,1.0,,,5417.0,1cf02735-e4f7-58a9-b10b-b895b4024e36,,square,,,,central,,in_front,,pass,2751203045.0,1732453558720.0,165922.0,59aac154-cbd4-5679-9964-963e7400a01b,b4d3e334-6189-50d1-93b9-a9dd3ded0fe2,053195da-782e-5db5-b7c1-0210b034f91c,5362.0,485427.0,485427.0,,,,18.29,75.43,80.48,5-r,5-c,5-c,False,True,reception,4.0,3.0,7.0,feet,,,447810.0,,2.17,15.32,,False,,,8.0,10.0,10.0,5.0,5.0,5.0,False,214.48,0.9436,False,False,False,,central,False,False,,False,central,False,,,False,,,,,,,,,,,,,,,,,,,,,,,,,,,,,,,,,,,,,,,,,,,,,,,,,,,,,,,,,,,,,,,,,,,,,,,,,,,,,,,,,,,,,,,,,,,,,,,,,,,,,,,,,,,,,,,,,,,,,,,,,,,,,,,,,,,,,,,,,,,,,,,,,,,,,,,,,,,,,,,,,,,,,,,,,214.47999572753903,,538.9799957275391
2751204417.0,208.0,59.0,1.0,1.0,5.0,5.0,cftj6g399tknheudaxsdpfdgb,547.0,165922.0,0.0,85.2,84.7,2024-11-24T13:07:35.788,2024-11-24T13:07:37,,5fb9091b-ba4e-4920-a3d8-417bfabc09c1,1.0,7628.0,305.1199951171875,019aeb52-d244-5dba-b6e4-1d372fc3b731,5f3wfx327z9hef9k9l37c90wl,J. Grønning,#000033,,019aeb52-d244-5dba-b6e4-1d372fc3b731,,,2442638.0,3dac47c4-fc28-5d7c-9259-cb7f91145ae2,547.0,401.0,,,,1.08,20.67,,,,,,,,,,,,,,,,,1.0,,,7655.0,11e408e4-7030-59b2-8f1c-682b3ee90363,,square,,,,forward,,central,,pass,2751204417.0,1732453649360.0,165922.0,50a6ae5d-0e06-532f-aed8-6acec46105c4,defec5df-41c3-5430-84c4-68c06d1c0761,4633f11e-9c4b-52ba-89e9-e58ccc490219,7628.0,164716.0,439449.0,,,,17.25,26.26,8.51,16,17-or,17-or,False,False,interception,2.0,2.0,0.0,feet,,,498049.0,427398.0,2.96,1.51,,False,,,8.0,3.0,2.0,2.0,0.0,1.0,True,305.12,0.208,False,True,False,outswing,forward,False,False,,True,central,True,,,True,,,,,,,,,,,,,,,,,,,,,,,,,,,,,,,,,,,,,,,,,,,,,,,,,,,,,,,,,,,,,,,,,,,,,,,,,,,,,,,,,,,,,,,,,,,,,,,,,,,,,,,,,,,,,,,,,,,,,,,,,,,,,,,,,,,,,,,,,,,,,,,,,,,,,,,,,,,,,,,,,,,,,,,,,305.1199951171875,,629.6199951171875
2751211171.0,1982.0,123.0,1.0,1.0,12.0,5.0,cftj6g399tknheudaxsdpfdgb,547.0,165922.0,1.0,32.2,49.7,2024-11-24T13:14:36.488,2024-11-24T13:59:23,,5fb9091b-ba4e-4920-a3d8-417bfabc09c1,1.0,18070.0,722.7999877929686,02ffc0ab-a99f-5d55-91b6-c7f079c77cdc,5f3wfx327z9hef9k9l37c90wl,J. Grønning,#000033,,02ffc0ab-a99f-5d55-91b6-c7f079c77cdc,,,2442638.0,da7b14ea-aace-5c1a-8fa7-a2c0c826c7bf,547.0,401.0,,,,2.16,29.99,,,,,,,,,,,,,,,,,1.0,,,18124.0,74c17a5a-0c74-5b9c-9c55-3f47e4fb5d73,,square,,,,central,,wide_left,,pass,2751211171.0,1732454067040.0,165922.0,3b53be09-1617-5343-96f6-00e31228d1a5,b3fcfb98-0339-5cbc-ba09-5564c08126bd,7e315261-92ba-56f0-a456-964479f6331d,18070.0,247714.0,247714.0,,,,29.99,74.2,77.44,5-c,6,6,False,True,reception,3.0,2.0,1.0,feet,,,630534.0,,2.22,19.9,,False,,,8.0,8.0,7.0,5.0,5.0,5.0,False,722.8,0.9728,False,False,False,,central,False,True,,False,central,False,,,False,,,,,,,,,,,,,,,,,,,,,,,,,,,,,,,,,,,,,,,,,,,,,,,,,,,,,,,,,,,,,,,,,,,,,,,,,,,,,,,,,,,,,,,,,,,,,,,,,,,,,,,,,,,,,,,,,,,,,,,,,,,,,,,,,,,,,,,,,,,,,,,,,,,,,,,,,,,,,,,,,,,,,,,,,722.7999877929686,,1047.2999877929688
2751213527.0,554.0,161.0,1.0,1.0,14.0,50.0,cftj6g399tknheudaxsdpfdgb,547.0,165922.0,1.0,43.3,56.1,2024-11-24T13:17:20.614,2024-11-24T13:17:22,,5fb9091b-ba4e-4920-a3d8-417bfabc09c1,1.0,22228.0,889.1199951171875,568c3ec1-75b2-591e-84a5-2c00b31a0d0b,5f3wfx327z9hef9k9l37c90wl,J. Grønning,#000033,,568c3ec1-75b2-591e-84a5-2c00b31a0d0b,,,2442638.0,20f1085e-77bd-5af9-8f9f-1c3cb61e4758,547.0,401.0,,,,1.52,10.4,,,,,,,,,,,,,,,,,1.0,,,22266.0,f4cb9f44-7b43-5302-a1bd-70c1adff0197,,backward,,,,central,,in_front,,pass,2751213527.0,1732454233360.0,165922.0,23cb185b-80df-587c-982c-e07e04ceab1c,96017116-00da-5f77-9d4f-aec52498f3af,1c2f2c12-69b8-567b-a453-ecbe466acbcd,22228.0,227701.0,227701.0,,,,10.4,57.47,64.17,8-c,8-c,8-c,False,True,reception,5.0,3.0,6.0,feet,,,429870.0,429870.0,2.23,10.13,,False,,,9.0,11.0,11.0,4.0,5.0,6.0,False,889.12,0.9813,False,False,False,,central,False,True,,False,in_front,False,,,False,,,,,,,,,,,,,,,,,,,,,,,,,,,,,,,,,,,,,,,,,,,,,,,,,,,,,,,,,,,,,,,,,,,,,,,,,,,,,,,,,,,,,,,,,,,,,,,,,,,,,,,,,,,,,,,,,,,,,,,,,,,,,,,,,,,,,,,,,,,,,,,,,,,,,,,,,,,,,,,,,,,,,,,,,889.1199951171875,,1213.6199951171875
2751216699.0,739.0,202.0,1.0,1.0,19.0,8.0,cftj6g399tknheudaxsdpfdgb,547.0,165922.0,1.0,65.5,80.3,2024-11-24T13:21:38.773,2024-11-24T13:21:41,,5fb9091b-ba4e-4920-a3d8-417bfabc09c1,1.0,28659.0,1146.3599853515625,402f338a-e71d-5429-af4f-989a4f44525e,5f3wfx327z9hef9k9l37c90wl,J. Grønning,#000033,,402f338a-e71d-5429-af4f-989a4f44525e,,,2442638.0,4e97a886-4c9f-5a0f-bb23-f65e2b7bf531,547.0,401.0,,,,1.36,15.22,,,,,,,,,,,,,,,,,1.0,,,28693.0,6bc88968-a035-598f-a534-a6ae69f98571,,backward,,,,central,,in_front,,pass,2751216699.0,1732454490600.0,165922.0,253075c5-021d-5e81-bdbb-64acf6d90335,f58c8038-16a3-563d-955b-ae03b2b9c519,7e5d7f9e-4d41-5f6e-97d5-3901e9c8bcdb,28659.0,592867.0,592867.0,,,,15.22,46.74,47.28,10,11-c,11-c,False,True,reception,3.0,1.0,3.0,feet,,,429870.0,427398.0,3.42,5.31,,False,,,8.0,10.0,8.0,4.0,4.0,4.0,False,1146.36,0.9352,False,False,False,,central,False,False,,False,central,True,,,False,,,,,,,,,,,,,,,,,,,,,,,,,,,,,,,,,,,,,,,,,,,,,,,,,,,,,,,,,,,,,,,,,,,,,,,,,,,,,,,,,,,,,,,,,,,,,,,,,,,,,,,,,,,,,,,,,,,,,,,,,,,,,,,,,,,,,,,,,,,,,,,,,,,,,,,,,,,,,,,,,,,,,,,,,1146.3599853515625,,1470.8599853515625
2751217493.0,782.0,219.0,1.0,1.0,20.0,11.0,cftj6g399tknheudaxsdpfdgb,547.0,165922.0,1.0,33.2,60.2,2024-11-24T13:22:42.261,2024-11-24T13:22:44,,5fb9091b-ba4e-4920-a3d8-417bfabc09c1,1.0,30181.0,1207.239990234375,d093f7f5-3e21-50b9-9461-927f4e6ebb67,5f3wfx327z9hef9k9l37c90wl,J. Grønning,#000033,,d093f7f5-3e21-50b9-9461-927f4e6ebb67,,,2442638.0,99d048dd-0b24-5e4e-bf81-8235b1ed0d4f,547.0,401.0,,,,2.88,46.87,,,,,,,,,,,,,,,,,1.0,,,30253.0,4d29206f-4c68-5e04-9c38-9c33c180b8a7,,diagonal,,,,forward,,wide_left,,pass,2751217493.0,1732454551480.0,165922.0,da01125c-821e-55ef-be50-661c1206363c,bc1c1cad-33be-5997-ab2b-6c8fdce2762e,bc219a96-6110-5104-9333-cb92e48de3fb,30181.0,247714.0,495068.0,,,,44.38,69.27,54.66,8-c,12,12,False,True,reception,6.0,2.0,0.0,feet,,,429870.0,,10.88,23.05,,False,,,9.0,5.0,4.0,5.0,2.0,3.0,False,1207.24,0.9236,False,True,True,,central,False,False,,False,central,False,,,False,,,,,,,,,,,,,,,,,,,,,,,,,,,,,,,,,,,,,,,,,,,,,,,,,,,,,,,,,,,,,,,,,,,,,,,,,,,,,,,,,,,,,,,,,,,,,,,,,,,,,,,,,,,,,,,,,,,,,,,,,,,,,,,,,,,,,,,,,,,,,,,,,,,,,,,,,,,,,,,,,,,,,,,,,1207.239990234375,,1531.739990234375
2751217717.0,798.0,224.0,1.0,1.0,20.0,26.0,cftj6g399tknheudaxsdpfdgb,547.0,165922.0,1.0,65.8,1.7,2024-11-24T13:22:57.428,2024-11-24T13:22:59,,5fb9091b-ba4e-4920-a3d8-417bfabc09c1,1.0,30566.0,1222.6400146484375,6b055c0e-6637-50f2-92a6-8795082ba681,5f3wfx327z9hef9k9l37c90wl,J. Grønning,#000033,,6b055c0e-6637-50f2-92a6-8795082ba681,,,2442638.0,2a27c4b5-1836-5259-88dc-f02d4e9c95a9,547.0,401.0,,,,4.08,20.67,,,,,,,,,,,,,,,,,1.0,,,30668.0,1ac40428-e7fc-5c62-9574-f6c7030cbcd4,,backward,,,,back_line,,in_front,,pass,2751217717.0,1732454566880.0,165922.0,232483ef-2f8b-584f-b070-66a3026d9391,3befdf92-fec8-5174-824f-4647738a1e98,b94849ad-635b-54dd-941a-a4d44b1fcb70,30566.0,227701.0,227701.0,,,,20.67,44.72,62.48,15,9,9,False,True,reception,0.0,0.0,2.0,feet,,,574190.0,429870.0,0.71,9.02,,False,,,9.0,11.0,11.0,5.0,9.0,8.0,False,1222.64,0.7469,False,False,False,,central,False,True,,False,central,False,,,False,,,,,,,,,,,,,,,,,,,,,,,,,,,,,,,,,,,,,,,,,,,,,,,,,,,,,,,,,,,,,,,,,,,,,,,,,,,,,,,,,,,,,,,,,,,,,,,,,,,,,,,,,,,,,,,,,,,,,,,,,,,,,,,,,,,,,,,,,,,,,,,,,,,,,,,,,,,,,,,,,,,,,,,,,1222.6400146484375,,1547.1400146484375
2751221127.0,983.0,266.0,1.0,1.0,25.0,41.0,cftj6g399tknheudaxsdpfdgb,547.0,165922.0,1.0,55.2,34.8,2024-11-24T13:28:11.873,2024-11-24T13:28:14,,5fb9091b-ba4e-4920-a3d8-417bfabc09c1,1.0,38489.0,1539.56005859375,cb875c34-4020-5721-bb92-6341cd189489,5f3wfx327z9hef9k9l37c90wl,J. Grønning,#000033,,cb875c34-4020-5721-bb92-6341cd189489,,,2442638.0,45f59cb7-8fae-5de9-9e83-68f579184f7b,547.0,401.0,,,,0.8,13.83,,,,,,,,,,,,,,,,,1.0,,,38509.0,a0820097-b01d-560c-8a7b-e8e1698e275c,,forward,,,,forward,,between_lines,,pass,2751221127.0,1732454883800.0,165922.0,d2f933b2-2c3c-5593-ac3d-8e8ebaae430c,4c9c6366-263f-57bb-aeea-beefb6ffecbc,24ed4012-0f52-5a22-bfdc-32b839aeb8db,38489.0,544773.0,544773.0,,,,13.83,47.58,38.47,11-r,11-c,11-c,False,True,reception,1.0,0.0,2.0,feet,,,429870.0,439449.0,0.79,3.08,,False,,,7.0,3.0,2.0,2.0,0.0,1.0,True,1539.56,0.7173,False,False,False,,forward,False,False,,False,central,True,,,False,,,,,,,,,,,,,,,,,,,,,,,,,,,,,,,,,,,,,,,,,,,,,,,,,,,,,,,,,,,,,,,,,,,,,,,,,,,,,,,,,,,,,,,,,,,,,,,,,,,,,,,,,,,,,,,,,,,,,,,,,,,,,,,,,,,,,,,,,,,,,,,,,,,,,,,,,,,,,,,,,,,,,,,,,1539.56005859375,,1864.06005859375
2751221321.0,988.0,271.0,1.0,1.0,25.0,57.0,cftj6g399tknheudaxsdpfdgb,547.0,165922.0,1.0,63.1,46.3,2024-11-24T13:28:28.113,2024-11-24T13:28:30,,5fb9091b-ba4e-4920-a3d8-417bfabc09c1,1.0,38923.0,1556.9200439453125,aaa0f312-72bd-503b-8663-103117876834,5f3wfx327z9hef9k9l37c90wl,J. Grønning,#000033,,aaa0f312-72bd-503b-8663-103117876834,,,2442638.0,45f59cb7-8fae-5de9-9e83-68f579184f7b,547.0,401.0,,,,1.0,10.57,,,,,,,,,,,,,,,,,1.0,,,38948.0,eb93d294-4ab7-5c5e-97de-ece9f6225369,,backward,,,,central,,in_front,,pass,2751221321.0,1732454901160.0,165922.0,99fd90c7-5f00-54e3-93ee-38f30309cf6a,ac4c4500-4881-5162-91d6-00c0159a2ed1,b3d2ddf4-b636-564c-a5ac-7d3eab9e5806,38923.0,227701.0,227701.0,,,,10.57,41.52,47.95,11-c,11-c,11-c,False,True,reception,4.0,3.0,6.0,feet,,,429870.0,429870.0,3.78,9.98,,False,,,8.0,10.0,10.0,4.0,7.0,6.0,False,1556.92,0.9763,False,False,False,,central,False,True,,False,central,False,,,False,,,,,,,,,,,,,,,,,,,,,,,,,,,,,,,,,,,,,,,,,,,,,,,,,,,,,,,,,,,,,,,,,,,,,,,,,,,,,,,,,,,,,,,,,,,,,,,,,,,,,,,,,,,,,,,,,,,,,,,,,,,,,,,,,,,,,,,,,,,,,,,,,,,,,,,,,,,,,,,,,,,,,,,,,1556.9200439453125,,1881.4200439453125
2751222123.0,1036.0,286.0,1.0,1.0,27.0,9.0,cftj6g399tknheudaxsdpfdgb,547.0,165922.0,1.0,66.6,67.0,2024-11-24T13:29:39.921,2024-11-24T13:29:44,,5fb9091b-ba4e-4920-a3d8-417bfabc09c1,1.0,40724.0,1628.9599609375,04956c60-016f-5fba-82b1-0d394f9aedf4,5f3wfx327z9hef9k9l37c90wl,J. Grønning,#000033,,04956c60-016f-5fba-82b1-0d394f9aedf4,,,2442638.0,91337d19-0b49-5f28-9475-49e453241bce,547.0,401.0,,,,0.68,7.22,,,,,,,,,,,,,,,,,1.0,,,40741.0,4c89fece-655a-51cb-8eda-836655f8ebab,,backward,,,,central,,in_front,,pass,2751222123.0,1732454973200.0,165922.0,0302cce0-857e-55da-9d7b-79607dff838e,6d44916f-ab7f-509a-8d60-74f3647947f7,5ced2d4b-767d-5704-9568-6ffb12d68b47,40724.0,495068.0,495068.0,,,,7.22,40.7,47.55,11-l,11-l,11-l,False,True,reception,5.0,2.0,6.0,feet,,,447810.0,447810.0,4.85,3.32,,False,,,9.0,10.0,10.0,4.0,6.0,5.0,False,1628.96,0.8874,False,False,False,,central,False,True,,False,central,False,,,False,,,,,,,,,,,,,,,,,,,,,,,,,,,,,,,,,,,,,,,,,,,,,,,,,,,,,,,,,,,,,,,,,,,,,,,,,,,,,,,,,,,,,,,,,,,,,,,,,,,,,,,,,,,,,,,,,,,,,,,,,,,,,,,,,,,,,,,,,,,,,,,,,,,,,,,,,,,,,,,,,,,,,,,,,1628.9599609375,,1953.4599609375
2751223013.0,1089.0,303.0,1.0,1.0,28.0,29.0,cftj6g399tknheudaxsdpfdgb,547.0,165922.0,0.0,44.4,7.7,2024-11-24T13:31:00.401,2024-11-24T13:31:01,,5fb9091b-ba4e-4920-a3d8-417bfabc09c1,1.0,42715.0,1708.5999755859375,fbae4de9-3824-508a-82a9-1149e7a5892d,5f3wfx327z9hef9k9l37c90wl,J. Grønning,#000033,,fbae4de9-3824-508a-82a9-1149e7a5892d,,,2442638.0,efe2db93-410e-58fb-b344-a487d8ecf448,547.0,401.0,,,,1.4,1.4,,,,,,,,,,,,,,,,,1.0,,,42750.0,6cd18a7c-3bdf-5219-b0a9-8a86bc700881,,forward,,,,central,,central,,pass,2751223013.0,1732455052840.0,165922.0,,9d96ce40-0e5b-59a9-8181-e7049490575f,88842d94-f8bc-5f9b-b4ef-e2ebef521519,42715.0,495068.0,,,,,7.19,63.85,63.52,9,9,9,False,False,out,2.0,3.0,0.0,feet,,,427398.0,427398.0,1.28,4.77,,False,,,8.0,7.0,7.0,5.0,5.0,4.0,False,1708.6,0.7263,False,False,False,,central,False,True,,False,central,True,,,False,,,,,,,,,,,,,,,,,,,,,,,,,,,,,,,,,,,,,,,,,,,,,,,,,,,,,,,,,,,,,,,,,,,,,,,,,,,,,,,,,,,,,,,,,,,,,,,,,,,,,,,,,,,,,,,,,,,,,,,,,,,,,,,,,,,,,,,,,,,,,,,,,,,,,,,,,,,,,,,,,,,,,,,,,1708.5999755859375,,2033.0999755859375
2751229527.0,1400.0,371.0,1.0,1.0,35.0,52.0,cftj6g399tknheudaxsdpfdgb,547.0,165922.0,1.0,69.5,24.9,2024-11-24T13:38:23.437,2024-11-24T13:38:26,,5fb9091b-ba4e-4920-a3d8-417bfabc09c1,1.0,53821.0,2152.840087890625,7d552ac5-20db-5799-9154-b053ff7e226a,5f3wfx327z9hef9k9l37c90wl,J. Grønning,#000033,,7d552ac5-20db-5799-9154-b053ff7e226a,,,2442638.0,22eea368-8e6c-5254-b05d-9dbc1779b232,547.0,401.0,,,,0.84,7.73,,,,,,,,,,,,,,,,,1.0,,,53842.0,e9cd4c42-fe34-51cd-a657-71f77a1d8c28,,forward,,,,forward,,central,,pass,2751229527.0,1732455497080.0,165922.0,a754f999-5338-5cdc-b288-45d562ac48e9,fc2257ac-ec39-526a-97a1-36a538622f24,c394e762-e953-5573-b875-3f11ee3a84a3,53821.0,495068.0,495068.0,,,,7.73,31.39,33.14,14-r,15,15,False,True,shot,3.0,2.0,2.0,feet,,,630534.0,574190.0,4.03,5.96,2.0,False,,,7.0,8.0,8.0,3.0,4.0,4.0,False,2152.84,0.969,False,False,False,,central,False,True,,False,central,False,,,False,,,,,,,,,,,,,,,,,,,,,,,,,,,,,,,,,,,,,,,,,,,,,,,,,,,,,,,,,,,,,,,,,,,,,,,,,,,,,,,,,,,,,,,,,,,,,,,,,,,,,,,,,,,,,,,,,,,,,,,,,,,,,,,,,,,,,,,,,,,,,,,,,,,,,,,,,,,,,,,,,,,,,,,,,2152.840087890625,,2477.340087890625
2751229919.0,1712.0,377.0,1.0,1.0,36.0,16.0,cftj6g399tknheudaxsdpfdgb,547.0,165922.0,1.0,39.2,46.4,2024-11-24T13:38:47.309,2024-11-24T13:43:57,,5fb9091b-ba4e-4920-a3d8-417bfabc09c1,1.0,54271.0,2170.840087890625,a697592b-ac0a-56e0-8981-b0ea38b31371,5f3wfx327z9hef9k9l37c90wl,J. Grønning,#000033,,a697592b-ac0a-56e0-8981-b0ea38b31371,,,2442638.0,165fccf4-f40e-5a90-a1d8-59f1bae2c750,547.0,401.0,,,,4.64,21.4,,,,,,,,,,,,,,,,,1.0,,,54387.0,a253ef73-2c20-5f12-b7d2-f0444307a1c6,,backward,,,,back_line,,in_front,,pass,2751229919.0,1732455515080.0,165922.0,e09e25aa-4ef1-5f2d-ae64-c247ccd70f8b,dab2e773-8b8b-5869-8f73-fce84aabbc99,b1579a23-f987-53c6-8407-2e4b82d5d6fd,54271.0,193748.0,193748.0,,,,21.4,66.18,87.45,8-c,5-c,5-c,False,True,reception,4.0,2.0,2.0,feet,,,498049.0,,6.27,25.26,,False,,,11.0,11.0,11.0,6.0,10.0,9.0,False,2170.84,0.9857,False,False,False,,central,False,True,,False,in_front,False,,,False,,,,,,,,,,,,,,,,,,,,,,,,,,,,,,,,,,,,,,,,,,,,,,,,,,,,,,,,,,,,,,,,,,,,,,,,,,,,,,,,,,,,,,,,,,,,,,,,,,,,,,,,,,,,,,,,,,,,,,,,,,,,,,,,,,,,,,,,,,,,,,,,,,,,,,,,,,,,,,,,,,,,,,,,,2170.840087890625,,2495.340087890625
2751230007.0,1424.0,379.0,1.0,1.0,36.0,22.0,cftj6g399tknheudaxsdpfdgb,547.0,165922.0,1.0,25.1,64.9,2024-11-24T13:38:53.117,2024-11-24T13:38:55,,5fb9091b-ba4e-4920-a3d8-417bfabc09c1,1.0,54503.0,2180.1201171875,7239c772-b183-53ac-8610-3b2a4786255a,5f3wfx327z9hef9k9l37c90wl,J. Grønning,#000033,,7239c772-b183-53ac-8610-3b2a4786255a,,,2442638.0,165fccf4-f40e-5a90-a1d8-59f1bae2c750,547.0,401.0,,,,2.08,15.57,,,,,,,,,,,,,,,,,1.0,,,54555.0,a253ef73-2c20-5f12-b7d2-f0444307a1c6,,backward,,,,back_line,,in_front,,pass,2751230007.0,1732455524360.0,165922.0,a1505dc0-6ea6-5fbb-8f8f-6a3b1ec8f69e,4dc290f8-ece0-587e-8d70-ac2be5bd60cf,b1579a23-f987-53c6-8407-2e4b82d5d6fd,54503.0,193748.0,193748.0,,,,15.57,83.39,96.55,5-l,2-or,2-or,False,True,reception,3.0,1.0,5.0,feet,,,447810.0,,2.79,16.9,,False,,,11.0,11.0,11.0,6.0,9.0,9.0,False,2180.12,0.9792,False,False,False,,back_line,False,False,,False,in_front,False,,,False,,,,,,,,,,,,,,,,,,,,,,,,,,,,,,,,,,,,,,,,,,,,,,,,,,,,,,,,,,,,,,,,,,,,,,,,,,,,,,,,,,,,,,,,,,,,,,,,,,,,,,,,,,,,,,,,,,,,,,,,,,,,,,,,,,,,,,,,,,,,,,,,,,,,,,,,,,,,,,,,,,,,,,,,,2180.1201171875,,2504.6201171875
2751236971.0,1773.0,424.0,1.0,1.0,43.0,9.0,cftj6g399tknheudaxsdpfdgb,547.0,165922.0,1.0,55.4,34.9,2024-11-24T13:45:40.299,2024-11-24T13:45:43,,5fb9091b-ba4e-4920-a3d8-417bfabc09c1,1.0,64732.0,2589.280029296875,45e392ad-cc31-5a5c-96dc-3f83a184f2f6,5f3wfx327z9hef9k9l37c90wl,J. Grønning,#000033,,45e392ad-cc31-5a5c-96dc-3f83a184f2f6,,,2442638.0,c5a6fbf4-2f15-599b-b2fe-cca73c79b77d,547.0,401.0,,,,1.24,20.36,,,,,,,,,,,,,,,,,1.0,,,64763.0,e85cf3e4-6518-538b-b2e2-72c433c6fcce,,forward,,,,forward,,between_lines,,pass,2751236971.0,1732455933520.0,165922.0,7015419f-d4d6-5f88-abcd-c420b42c398a,1486eb0f-b166-5ab1-ad9e-cc042d3c244b,9d297d99-d90c-5725-bfe7-792cda6dea0d,64732.0,513456.0,513456.0,,,,20.36,49.57,32.98,11-r,14-c,14-c,False,True,shot,2.0,1.0,1.0,feet,,,429870.0,479620.0,6.06,3.22,2.0,False,,,7.0,2.0,1.0,4.0,0.0,1.0,True,2589.28,0.9366,False,False,False,,central,False,False,,False,central,True,,,False,,,,,,,,,,,,,,,,,,,,,,,,,,,,,,,,,,,,,,,,,,,,,,,,,,,,,,,,,,,,,,,,,,,,,,,,,,,,,,,,,,,,,,,,,,,,,,,,,,,,,,,,,,,,,,,,,,,,,,,,,,,,,,,,,,,,,,,,,,,,,,,,,,,,,,,,,,,,,,,,,,,,,,,,,2589.280029296875,,2913.780029296875
2751238109.0,1810.0,431.0,1.0,1.0,44.0,18.0,cftj6g399tknheudaxsdpfdgb,547.0,165922.0,0.0,64.8,29.8,2024-11-24T13:46:49.13,2024-11-24T13:46:51,,5fb9091b-ba4e-4920-a3d8-417bfabc09c1,1.0,66455.0,2658.199951171875,88e53424-cbe5-55c1-b26e-da29834f160a,5f3wfx327z9hef9k9l37c90wl,J. Grønning,#000033,,88e53424-cbe5-55c1-b26e-da29834f160a,,,2442638.0,bcd0a4a3-66c1-5632-9225-87f5ab896ba3,547.0,401.0,,,,1.56,18.26,,,,,,,,,,,,,,,,,1.0,,,66494.0,13f95b86-2988-54b0-b050-f93e4161c636,,diagonal,,,,forward,,central,,pass,2751238109.0,1732456002440.0,165922.0,8820f783-5824-5cbc-9857-0a79971311b7,5234a43e-7988-554e-940e-fcbaf9e2d804,fed211d3-4b32-5a2e-a58d-9de78d5ceb54,66455.0,513456.0,498049.0,,,,21.05,39.83,29.4,11-r,14-c,14-c,False,False,interception,2.0,2.0,0.0,head,,,630534.0,498049.0,2.81,9.39,,False,,,5.0,3.0,1.0,3.0,1.0,1.0,False,2658.2,0.2169,False,True,False,,central,False,True,,False,central,True,,,False,,,,,,,,,,,,,,,,,,,,,,,,,,,,,,,,,,,,,,,,,,,,,,,,,,,,,,,,,,,,,,,,,,,,,,,,,,,,,,,,,,,,,,,,,,,,,,,,,,,,,,,,,,,,,,,,,,,,,,,,,,,,,,,,,,,,,,,,,,,,,,,,,,,,,,,,,,,,,,,,,,,,,,,,,2658.199951171875,,2982.699951171875
2751262341.0,2285.0,514.0,1.0,2.0,51.0,47.0,cftj6g399tknheudaxsdpfdgb,547.0,165922.0,1.0,44.0,33.9,2024-11-24T14:11:19.012,2024-11-24T14:11:21,,5fb9091b-ba4e-4920-a3d8-417bfabc09c1,2.0,77725.0,407.0,154c46ca-1405-5a04-952d-b5741d44ad86,5f3wfx327z9hef9k9l37c90wl,J. Grønning,#000033,,154c46ca-1405-5a04-952d-b5741d44ad86,,,2442638.0,0d26a3aa-d1b4-5782-ace3-ed77feb5da25,547.0,401.0,,,,1.0,17.89,,,,,,,,,,,,,,,,,2.0,,,77750.0,b0f5480c-6000-5ab7-9e7f-7c31c86b1e72,,forward,,,,forward,,between_lines,,pass,2751262341.0,1732457472200.0,165922.0,75f4a898-e63f-5d2a-8322-efa87fca5d5b,8a080c36-0f98-5835-bd03-a883d1896734,b8ba9327-f4f7-53f8-833b-b02c9e19036f,77725.0,449395.0,449395.0,,,,17.89,55.74,48.06,8-r,11-c,11-c,False,True,reception,5.0,2.0,3.0,feet,,,429870.0,447810.0,4.71,10.55,,False,,,7.0,4.0,4.0,3.0,1.0,2.0,True,407.0,0.9363,False,False,False,,central,False,True,,False,central,True,,,False,,,,,,,,,,,,,,,,,,,,,,,,,,,,,,,,,,,,,,,,,,,,,,,,,,,,,,,,,,,,,,,,,,,,,,,,,,,,,,,,,,,,,,,,,,,,,,,,,,,,,,,,,,,,,,,,,,,,,,,,,,,,,,,,,,,,,,,,,,,,,,,,,,,,,,,,,,,,,,,,,,,,,,,,,407.0,1424.2150000000001,731.5
2751262907.0,2300.0,522.0,1.0,2.0,52.0,11.0,cftj6g399tknheudaxsdpfdgb,547.0,165922.0,1.0,64.1,28.0,2024-11-24T14:11:43.187,2024-11-24T14:11:46,,5fb9091b-ba4e-4920-a3d8-417bfabc09c1,2.0,78334.0,431.3599853515625,e7445c03-5022-59c5-a05f-36eb4f514fb6,5f3wfx327z9hef9k9l37c90wl,J. Grønning,#000033,,e7445c03-5022-59c5-a05f-36eb4f514fb6,,,2442638.0,0d26a3aa-d1b4-5782-ace3-ed77feb5da25,547.0,401.0,,,,0.64,8.84,,,,,,,,,,,,,,,,,2.0,,,78350.0,c2ef655a-7e09-5a84-8489-6c07de1e9732,,forward,,,,forward,,central,,pass,2751262907.0,1732457496560.0,165922.0,e772f735-ac55-5d35-a0f9-1c60516a8871,895bb2cf-1d89-52b5-a20c-75508423c579,b8ba9327-f4f7-53f8-833b-b02c9e19036f,78334.0,495068.0,495068.0,,,,8.84,34.55,28.05,14-r,14-r,14-r,False,True,reception,4.0,2.0,1.0,feet,,,427398.0,226970.0,6.62,2.43,,False,,,9.0,6.0,6.0,6.0,3.0,3.0,False,431.36,0.8575,False,False,False,,central,False,False,,False,in_front,True,,,False,,,,,,,,,,,,,,,,,,,,,,,,,,,,,,,,,,,,,,,,,,,,,,,,,,,,,,,,,,,,,,,,,,,,,,,,,,,,,,,,,,,,,,,,,,,,,,,,,,,,,,,,,,,,,,,,,,,,,,,,,,,,,,,,,,,,,,,,,,,,,,,,,,,,,,,,,,,,,,,,,,,,,,,,,431.3599853515625,1448.5749853515626,755.8599853515625
2751263015.0,2304.0,524.0,1.0,2.0,52.0,15.0,cftj6g399tknheudaxsdpfdgb,547.0,165922.0,1.0,57.2,23.0,2024-11-24T14:11:47.187,2024-11-24T14:11:52,,5fb9091b-ba4e-4920-a3d8-417bfabc09c1,2.0,78442.0,435.6799926757813,78dc99db-2678-5951-ab38-94af374fe46f,5f3wfx327z9hef9k9l37c90wl,J. Grønning,#000033,,78dc99db-2678-5951-ab38-94af374fe46f,,,2442638.0,0d26a3aa-d1b4-5782-ace3-ed77feb5da25,547.0,401.0,,,,1.16,10.99,,,,,,,,,,,,,,,,,2.0,,,78471.0,c2ef655a-7e09-5a84-8489-6c07de1e9732,,square,,,,wide_right,,wide_left,,pass,2751263015.0,1732457500880.0,165922.0,df9e7feb-6468-569c-a69a-fc727317394b,5cfd23e4-b126-5a25-b028-c8988c26afd7,b8ba9327-f4f7-53f8-833b-b02c9e19036f,78442.0,247714.0,247714.0,,,,10.99,37.88,45.29,15,15,15,False,True,reception,2.0,1.0,2.0,feet,,,427398.0,574190.0,3.92,7.47,,False,,,10.0,11.0,11.0,5.0,7.0,6.0,False,435.68,0.9478,False,False,False,,central,False,False,,False,in_front,False,,,False,,,,,,,,,,,,,,,,,,,,,,,,,,,,,,,,,,,,,,,,,,,,,,,,,,,,,,,,,,,,,,,,,,,,,,,,,,,,,,,,,,,,,,,,,,,,,,,,,,,,,,,,,,,,,,,,,,,,,,,,,,,,,,,,,,,,,,,,,,,,,,,,,,,,,,,,,,,,,,,,,,,,,,,,,435.6799926757813,1452.8949926757814,760.1799926757812
2751266707.0,2400.0,551.0,1.0,2.0,54.0,58.0,cftj6g399tknheudaxsdpfdgb,547.0,165922.0,0.0,24.3,31.5,2024-11-24T14:14:30.26,2024-11-24T14:14:34,,5fb9091b-ba4e-4920-a3d8-417bfabc09c1,2.0,82512.0,598.47998046875,8644cad9-ebea-526d-afbf-a2c556c5066a,5f3wfx327z9hef9k9l37c90wl,J. Grønning,#000033,,8644cad9-ebea-526d-afbf-a2c556c5066a,,,2442638.0,dde44d4e-758f-5a96-862a-b621651f5d0a,547.0,401.0,,,,3.12,36.45,,,,,,,,,,,,,,,,,2.0,,,82590.0,d9a57d51-433c-58fa-aeef-da7901e63b86,,forward,,,,forward,,central,,pass,2751266707.0,1732457663680.0,165922.0,ac6735dd-f140-5413-988e-2453abf703bf,694c192d-dbfb-5f76-86db-2bc232e25b70,3eb0640f-d02a-5d83-9164-13c04a189488,82512.0,513456.0,479620.0,,,,35.31,79.15,47.66,5-r,11-c,11-c,False,False,interception,3.0,1.0,0.0,feet,,,574190.0,479620.0,2.32,2.33,,False,,,9.0,3.0,1.0,5.0,0.0,1.0,False,598.48,0.2611,False,True,True,,central,False,False,,False,central,True,,,True,,,,,,,,,,,,,,,,,,,,,,,,,,,,,,,,,,,,,,,,,,,,,,,,,,,,,,,,,,,,,,,,,,,,,,,,,,,,,,,,,,,,,,,,,,,,,,,,,,,,,,,,,,,,,,,,,,,,,,,,,,,,,,,,,,,,,,,,,,,,,,,,,,,,,,,,,,,,,,,,,,,,,,,,,598.47998046875,1615.6949804687501,922.97998046875
2751267507.0,2462.0,554.0,1.0,2.0,55.0,36.0,cftj6g399tknheudaxsdpfdgb,547.0,165922.0,1.0,23.9,34.8,2024-11-24T14:15:08.53,2024-11-24T14:16:15,,5fb9091b-ba4e-4920-a3d8-417bfabc09c1,2.0,83430.0,635.2000122070312,3a0211a4-0f26-5ed6-82c0-1b56f5007cc8,5f3wfx327z9hef9k9l37c90wl,J. Grønning,#000033,,3a0211a4-0f26-5ed6-82c0-1b56f5007cc8,,,2442638.0,06b6d218-2083-5cda-af90-dd721a2458ee,547.0,401.0,,,,1.2,16.01,,,,,,,,,,,,,,,,,2.0,,,83460.0,8d96b133-f838-55ef-84be-3f7bb51e6d29,,backward,,,,back_line,,in_front,,pass,2751267507.0,1732457700400.0,165922.0,c323428c-96f2-5b8f-b669-972339a301b1,b4d2d79e-c89b-5230-a042-50eda455c3b4,0864529f-0317-59bd-96ca-453a8aacb99c,83430.0,193748.0,193748.0,,,,16.01,84.72,98.16,5-r,2-or,2-or,False,True,reception,5.0,2.0,5.0,feet,,,429870.0,,1.38,17.74,,False,,,8.0,11.0,11.0,6.0,9.0,9.0,False,635.2,0.9756,False,False,False,,central,False,False,,False,central,False,,,False,,,,,,,,,,,,,,,,,,,,,,,,,,,,,,,,,,,,,,,,,,,,,,,,,,,,,,,,,,,,,,,,,,,,,,,,,,,,,,,,,,,,,,,,,,,,,,,,,,,,,,,,,,,,,,,,,,,,,,,,,,,,,,,,,,,,,,,,,,,,,,,,,,,,,,,,,,,,,,,,,,,,,,,,,635.2000122070312,1652.4150122070314,959.7000122070312
2751272895.0,2546.0,570.0,1.0,2.0,59.0,46.0,cftj6g399tknheudaxsdpfdgb,547.0,165922.0,1.0,26.2,82.0,2024-11-24T14:19:17.825,2024-11-24T14:19:21,,5fb9091b-ba4e-4920-a3d8-417bfabc09c1,2.0,89699.0,885.9600219726561,47fabd41-0ed4-5675-833d-97ed76ecb265,5f3wfx327z9hef9k9l37c90wl,J. Grønning,#000033,,47fabd41-0ed4-5675-833d-97ed76ecb265,,,2442638.0,06c065e4-a0b6-587a-a061-4efc2be4b187,547.0,401.0,,,,1.24,20.6,,,,,,,,,,,,,,,,,2.0,,,89730.0,84e69ffd-7e69-5086-96af-89f95be166f7,,diagonal,,,,forward,,between_lines,,pass,2751272895.0,1732457951160.0,165922.0,6c475c0b-c4c9-5d26-ac55-cc180a4d4290,e0f20bd2-8d27-54bb-8c25-6a8f24a26f43,17d643f5-63ff-5fc7-8cae-21275ac14a36,89699.0,544773.0,544773.0,,,,20.6,80.0,65.2,4,8-c,8-c,False,True,reception,0.0,0.0,2.0,feet,,,574190.0,427398.0,1.01,9.58,,False,,,3.0,2.0,2.0,1.0,0.0,1.0,True,885.96,0.9191,False,False,False,,central,False,False,,False,central,True,,,False,,,,,,,,,,,,,,,,,,,,,,,,,,,,,,,,,,,,,,,,,,,,,,,,,,,,,,,,,,,,,,,,,,,,,,,,,,,,,,,,,,,,,,,,,,,,,,,,,,,,,,,,,,,,,,,,,,,,,,,,,,,,,,,,,,,,,,,,,,,,,,,,,,,,,,,,,,,,,,,,,,,,,,,,,885.9600219726561,1903.1750219726562,1210.4600219726562
2751276311.0,2666.0,594.0,1.0,2.0,62.0,37.0,cftj6g399tknheudaxsdpfdgb,547.0,165922.0,1.0,28.8,37.4,2024-11-24T14:22:08.689,2024-11-24T14:22:11,,5fb9091b-ba4e-4920-a3d8-417bfabc09c1,2.0,93978.0,1057.1199951171875,aa345d2b-8055-5ec5-ae41-be4044c84fd7,5f3wfx327z9hef9k9l37c90wl,J. Grønning,#000033,,aa345d2b-8055-5ec5-ae41-be4044c84fd7,,,2442638.0,f8357c85-1f2a-5bea-a71f-69ec6191a414,547.0,401.0,,,,0.92,10.57,,,,,,,,,,,,,,,,,2.0,,,94001.0,1f45b87a-ea08-5ad6-8210-814cbf7529e9,,forward,,,,central,,central,,pass,2751276311.0,1732458122320.0,165922.0,186f8314-b241-5cfa-8f27-2d32f043e7ab,5e6ee5ab-aa51-53ad-a1cf-00c1498d05cb,42f73841-5e1e-597d-9e3b-c3f52776e2a4,93978.0,592867.0,592867.0,,,,10.57,71.27,60.7,8-r,8-r,8-r,False,True,reception,2.0,0.0,5.0,feet,,,574190.0,630534.0,1.89,1.97,,False,,,9.0,7.0,7.0,5.0,2.0,2.0,False,1057.12,0.8358,False,False,False,,central,False,False,,False,central,True,,,False,,,,,,,,,,,,,,,,,,,,,,,,,,,,,,,,,,,,,,,,,,,,,,,,,,,,,,,,,,,,,,,,,,,,,,,,,,,,,,,,,,,,,,,,,,,,,,,,,,,,,,,,,,,,,,,,,,,,,,,,,,,,,,,,,,,,,,,,,,,,,,,,,,,,,,,,,,,,,,,,,,,,,,,,,1057.1199951171875,2074.3349951171876,1381.6199951171875
2751276385.0,2669.0,596.0,1.0,2.0,62.0,41.0,cftj6g399tknheudaxsdpfdgb,547.0,165922.0,0.0,36.9,53.6,2024-11-24T14:22:13.233,2024-11-24T14:22:14,,5fb9091b-ba4e-4920-a3d8-417bfabc09c1,2.0,94086.0,1061.43994140625,a4daeb21-1546-5840-8a0f-fa6ff739722f,5f3wfx327z9hef9k9l37c90wl,J. Grønning,#000033,,a4daeb21-1546-5840-8a0f-fa6ff739722f,,,2442638.0,f8357c85-1f2a-5bea-a71f-69ec6191a414,547.0,401.0,,,,0.52,11.75,,,,,,,,,,,,,,,,,2.0,,,94099.0,4b1576a5-4f8a-55b6-be23-328e686d35f2,,forward,,,,central,,central,,pass,2751276385.0,1732458126640.0,165922.0,1a915423-1a59-5c29-8c43-8fa196fb28c1,3bffe4c2-2ff6-5214-bbbf-5139da3d7652,42f73841-5e1e-597d-9e3b-c3f52776e2a4,94086.0,513456.0,447810.0,,,,19.36,62.19,57.26,8-c,8-l,11-l,False,False,interception,4.0,1.0,0.0,feet,,,574190.0,594234.0,8.91,7.12,,False,,,9.0,8.0,4.0,5.0,2.0,3.0,False,1061.44,0.8059,False,False,False,,central,False,False,,False,central,True,,,False,,,,,,,,,,,,,,,,,,,,,,,,,,,,,,,,,,,,,,,,,,,,,,,,,,,,,,,,,,,,,,,,,,,,,,,,,,,,,,,,,,,,,,,,,,,,,,,,,,,,,,,,,,,,,,,,,,,,,,,,,,,,,,,,,,,,,,,,,,,,,,,,,,,,,,,,,,,,,,,,,,,,,,,,,1061.43994140625,2078.65494140625,1385.93994140625
2751276775.0,2675.0,600.0,1.0,2.0,62.0,55.0,cftj6g399tknheudaxsdpfdgb,547.0,165922.0,1.0,54.1,77.2,2024-11-24T14:22:26.801,2024-11-24T14:22:31,,5fb9091b-ba4e-4920-a3d8-417bfabc09c1,2.0,94413.0,1074.52001953125,15aef186-a32b-5ba6-aade-8da52b70cd9c,5f3wfx327z9hef9k9l37c90wl,J. Grønning,#000033,,15aef186-a32b-5ba6-aade-8da52b70cd9c,,,2442638.0,df341efa-664f-506c-9c3e-f6b25ff6b8b3,547.0,401.0,,,,1.4,22.59,,,,,,,,,,,,,,,,,2.0,,,94448.0,01b878de-e2f1-5868-9442-6193d4ef9a44,,square,,,,central,,in_front,,pass,2751276775.0,1732458139720.0,165922.0,11768b62-d9a9-53a6-880f-0648721b3b52,f359543b-8d89-56fd-983e-27c0ccb0ce6f,2cbeb8dd-2824-568a-b329-165ce485afb2,94413.0,227701.0,544773.0,,,,24.48,52.52,32.41,10,11-c,8-c,False,True,reception,5.0,3.0,2.0,feet,,,626429.0,,3.93,15.51,,False,,,11.0,3.0,9.0,5.0,5.0,1.0,False,1074.52,0.9853,False,False,False,,central,False,False,,False,in_front,False,,,False,,,,,,,,,,,,,,,,,,,,,,,,,,,,,,,,,,,,,,,,,,,,,,,,,,,,,,,,,,,,,,,,,,,,,,,,,,,,,,,,,,,,,,,,,,,,,,,,,,,,,,,,,,,,,,,,,,,,,,,,,,,,,,,,,,,,,,,,,,,,,,,,,,,,,,,,,,,,,,,,,,,,,,,,,1074.52001953125,2091.73501953125,1399.02001953125
2751276983.0,2686.0,604.0,1.0,2.0,63.0,9.0,cftj6g399tknheudaxsdpfdgb,547.0,165922.0,1.0,64.2,50.3,2024-11-24T14:22:40.992,2024-11-24T14:22:43,,5fb9091b-ba4e-4920-a3d8-417bfabc09c1,2.0,94767.0,1088.6800537109375,b8d08417-2e00-5ad9-9ed2-44147386796b,5f3wfx327z9hef9k9l37c90wl,J. Grønning,#000033,,b8d08417-2e00-5ad9-9ed2-44147386796b,,,2442638.0,df341efa-664f-506c-9c3e-f6b25ff6b8b3,547.0,401.0,,,,1.44,21.9,,,,,,,,,,,,,,,,,2.0,,,94803.0,5a14a969-5765-5db2-bd23-52ac9d8e77ff,,square,,,,central,,in_front,,pass,2751276983.0,1732458153880.0,165922.0,dbf560d0-3f87-5ffb-8038-48bb0ad5c6ac,e8875f90-1a96-58c0-9357-ca12d1d7bedd,2cbeb8dd-2824-568a-b329-165ce485afb2,94767.0,485427.0,485427.0,,,,21.9,38.97,44.62,11-c,10,10,False,True,reception,2.0,2.0,2.0,feet,,,626429.0,447810.0,7.96,8.52,,False,,,9.0,9.0,9.0,4.0,5.0,5.0,False,1088.68,0.9563,False,False,False,,central,False,False,,False,in_front,False,,,False,,,,,,,,,,,,,,,,,,,,,,,,,,,,,,,,,,,,,,,,,,,,,,,,,,,,,,,,,,,,,,,,,,,,,,,,,,,,,,,,,,,,,,,,,,,,,,,,,,,,,,,,,,,,,,,,,,,,,,,,,,,,,,,,,,,,,,,,,,,,,,,,,,,,,,,,,,,,,,,,,,,,,,,,,1088.6800537109375,2105.8950537109376,1413.1800537109375
2751278703.0,2750.0,619.0,1.0,2.0,64.0,45.0,cftj6g399tknheudaxsdpfdgb,547.0,165922.0,1.0,70.1,15.5,2024-11-24T14:24:17.376,2024-11-24T14:24:19,,5fb9091b-ba4e-4920-a3d8-417bfabc09c1,2.0,97190.0,1185.5999755859375,0e7f4a6f-21a0-565c-adac-81e46c2c8f6c,5f3wfx327z9hef9k9l37c90wl,J. Grønning,#000033,,0e7f4a6f-21a0-565c-adac-81e46c2c8f6c,,,2442638.0,4c2f3d64-8d8e-5a83-9734-acb5fdd3e9e3,547.0,401.0,,,,0.6,8.63,,,,,,,,,,,,,,,,,2.0,,,97205.0,d5d92e7d-2bb2-525f-833e-043774db256b,,forward,,,,forward,,between_lines,,pass,2751278703.0,1732458250800.0,165922.0,d7ecaae7-ddef-579a-b740-0c2067427891,cb4514d9-49bc-5261-b384-1dd7392c30f0,e16eb0c5-b689-5418-91ac-754b6b5cc6d5,97190.0,544773.0,544773.0,,,,8.63,34.51,27.26,15,14-r,14-r,False,True,reception,2.0,0.0,1.0,feet,,,594234.0,513687.0,2.58,2.94,,False,,,5.0,3.0,3.0,2.0,1.0,1.0,True,1185.6,0.9304,False,False,False,,forward,False,False,,False,between_lines,True,,,False,,,,,,,,,,,,,,,,,,,,,,,,,,,,,,,,,,,,,,,,,,,,,,,,,,,,,,,,,,,,,,,,,,,,,,,,,,,,,,,,,,,,,,,,,,,,,,,,,,,,,,,,,,,,,,,,,,,,,,,,,,,,,,,,,,,,,,,,,,,,,,,,,,,,,,,,,,,,,,,,,,,,,,,,,1185.5999755859375,2202.8149755859376,1510.0999755859375
2751281529.0,2850.0,646.0,1.0,2.0,67.0,16.0,cftj6g399tknheudaxsdpfdgb,547.0,165922.0,1.0,64.8,28.2,2024-11-24T14:26:47.663,2024-11-24T14:26:51,,5fb9091b-ba4e-4920-a3d8-417bfabc09c1,2.0,100930.0,1335.199951171875,e56a26af-9f2d-54e0-a31a-44df2c1f626a,5f3wfx327z9hef9k9l37c90wl,J. Grønning,#000033,,e56a26af-9f2d-54e0-a31a-44df2c1f626a,,,2442638.0,7cfe27d7-21dd-5615-91ed-4cff9ea42e5f,547.0,401.0,,,,0.52,7.01,,,,,,,,,,,,,,,,,2.0,,,100943.0,c584b6d5-6bf8-5855-83c4-f1d8cfbc9205,,forward,,,,forward,,central,,pass,2751281529.0,1732458400400.0,165922.0,8bd11ba4-12ad-55ad-8c6d-708793fa1ac3,405fb49f-771d-52b5-9d71-7c5bc7e02573,44135a66-2d0d-52fc-a67a-303f03505892,100930.0,247714.0,247714.0,,,,7.01,33.75,28.41,14-r,14-r,14-r,False,True,reception,4.0,2.0,2.0,feet,,,630534.0,594234.0,3.44,2.5,,False,,,8.0,5.0,5.0,3.0,2.0,3.0,False,1335.2,0.8522,False,False,False,,central,False,False,,False,central,True,,,False,,,,,,,,,,,,,,,,,,,,,,,,,,,,,,,,,,,,,,,,,,,,,,,,,,,,,,,,,,,,,,,,,,,,,,,,,,,,,,,,,,,,,,,,,,,,,,,,,,,,,,,,,,,,,,,,,,,,,,,,,,,,,,,,,,,,,,,,,,,,,,,,,,,,,,,,,,,,,,,,,,,,,,,,,1335.199951171875,2352.414951171875,1659.699951171875
2751283563.0,3119.0,664.0,1.0,2.0,69.0,18.0,cftj6g399tknheudaxsdpfdgb,547.0,165922.0,1.0,25.6,35.1,2024-11-24T14:28:49.791,2024-11-24T14:35:35,,5fb9091b-ba4e-4920-a3d8-417bfabc09c1,2.0,103877.0,1453.0799560546875,c97a70b6-d7cb-5738-8b44-9bc57de55679,5f3wfx327z9hef9k9l37c90wl,J. Grønning,#000033,,c97a70b6-d7cb-5738-8b44-9bc57de55679,,,2442638.0,cd5050a2-9c5a-5c87-9396-599d5ec179aa,547.0,401.0,,,,1.04,9.63,,,,,,,,,,,,,,,,,2.0,,,103903.0,6ba77e29-0796-5345-8c05-05190655d706,,square,,,,back_line,,in_front,,pass,2751283563.0,1732458518280.0,165922.0,7473c881-c2ea-5a0c-a714-c1ec8f3018f5,b19a3a05-fa4a-5e6e-abe7-df7387cde1e3,3ffc372d-bb30-5f76-bcec-710687d13d4f,103877.0,227701.0,227701.0,,,,9.63,81.86,81.62,5-c,5-r,5-r,False,True,reception,6.0,1.0,7.0,feet,,,574190.0,574190.0,2.77,9.51,,False,,,11.0,11.0,11.0,7.0,7.0,7.0,False,1453.08,0.978,False,False,False,,back_line,False,False,,False,in_front,False,,,False,,,,,,,,,,,,,,,,,,,,,,,,,,,,,,,,,,,,,,,,,,,,,,,,,,,,,,,,,,,,,,,,,,,,,,,,,,,,,,,,,,,,,,,,,,,,,,,,,,,,,,,,,,,,,,,,,,,,,,,,,,,,,,,,,,,,,,,,,,,,,,,,,,,,,,,,,,,,,,,,,,,,,,,,,1453.0799560546875,2470.2949560546876,1777.5799560546875
2751285321.0,2991.0,688.0,1.0,2.0,71.0,4.0,cftj6g399tknheudaxsdpfdgb,547.0,165922.0,0.0,37.6,25.5,2024-11-24T14:30:36.544,2024-11-24T14:30:37,,5fb9091b-ba4e-4920-a3d8-417bfabc09c1,2.0,106576.0,1561.0400390625,f839806f-bc80-5152-a04e-98190dc46248,5f3wfx327z9hef9k9l37c90wl,J. Grønning,#000033,,f839806f-bc80-5152-a04e-98190dc46248,,,2442638.0,35cf77e6-0b35-5aba-9148-e7f7a96744bc,547.0,401.0,,,,1.44,18.2,,,,,,,,,,,,,,,,,2.0,,,106612.0,34f770a7-4fae-56d2-a20f-56ed78e8a6fb,,forward,,,,forward,,between_lines,,pass,2751285321.0,1732458626240.0,165922.0,796e728e-de89-52f5-b90f-0d2075b6e8fc,d916c531-f963-5f47-b34b-fdce41ed9e29,c7b8b835-7041-5a76-a9d6-84f140c7c30c,106576.0,543224.0,513687.0,,,,18.14,62.81,45.28,8-r,11-r,11-r,False,False,interception,0.0,0.0,0.0,feet,,,630534.0,513687.0,1.96,4.46,,False,,,8.0,3.0,3.0,6.0,1.0,2.0,False,1561.04,0.5487,False,True,False,,central,False,True,,False,central,True,,,False,,,,,,,,,,,,,,,,,,,,,,,,,,,,,,,,,,,,,,,,,,,,,,,,,,,,,,,,,,,,,,,,,,,,,,,,,,,,,,,,,,,,,,,,,,,,,,,,,,,,,,,,,,,,,,,,,,,,,,,,,,,,,,,,,,,,,,,,,,,,,,,,,,,,,,,,,,,,,,,,,,,,,,,,,1561.0400390625,2578.2550390625,1885.5400390625
2751285387.0,2993.0,689.0,1.0,2.0,71.0,6.0,cftj6g399tknheudaxsdpfdgb,547.0,165922.0,1.0,42.0,32.1,2024-11-24T14:30:38.496,2024-11-24T14:30:40,,5fb9091b-ba4e-4920-a3d8-417bfabc09c1,2.0,106665.0,1564.5999755859375,eb0245a4-014c-56cc-9805-9966d618d552,5f3wfx327z9hef9k9l37c90wl,J. Grønning,#000033,,eb0245a4-014c-56cc-9805-9966d618d552,,,2442638.0,35cf77e6-0b35-5aba-9148-e7f7a96744bc,547.0,401.0,,,,2.32,25.16,,,,,,,,,,,,,,,,,2.0,,,106723.0,16d61559-f6f8-5977-b17a-cdff1eb9b83a,,square,,,,wide_left,,wide_right,,pass,2751285387.0,1732458629800.0,165922.0,917a3703-be54-5afb-9f96-b7250f01996c,03c97e41-d47d-5372-935a-c8682f55f346,c7b8b835-7041-5a76-a9d6-84f140c7c30c,106665.0,485427.0,485427.0,,,,25.16,56.46,56.49,8-c,8-l,8-l,False,True,reception,3.0,2.0,4.0,feet,,,447810.0,,5.45,19.68,,False,,,8.0,9.0,5.0,5.0,5.0,5.0,False,1564.6,0.9226,False,True,False,,central,False,True,,False,central,False,,,False,,,,,,,,,,,,,,,,,,,,,,,,,,,,,,,,,,,,,,,,,,,,,,,,,,,,,,,,,,,,,,,,,,,,,,,,,,,,,,,,,,,,,,,,,,,,,,,,,,,,,,,,,,,,,,,,,,,,,,,,,,,,,,,,,,,,,,,,,,,,,,,,,,,,,,,,,,,,,,,,,,,,,,,,,1564.5999755859375,2581.8149755859376,1889.0999755859375
2751286699.0,3023.0,700.0,1.0,2.0,71.0,58.0,cftj6g399tknheudaxsdpfdgb,547.0,165922.0,1.0,31.4,35.7,2024-11-24T14:31:30.351,2024-11-24T14:31:48,,5fb9091b-ba4e-4920-a3d8-417bfabc09c1,2.0,107982.0,1617.280029296875,37eef516-e447-50b9-aab3-757655a45692,5f3wfx327z9hef9k9l37c90wl,J. Grønning,#000033,,37eef516-e447-50b9-aab3-757655a45692,,,2442638.0,db5b6ffb-1e36-5ed0-9a16-262d90d87f0e,547.0,401.0,,,,18.24,60.69,,,,,,,,,,,,,,,,,2.0,,,108438.0,fd34c91b-45c8-579b-8b08-f80701cfbe85,,diagonal,,,,wide_left,,central,,pass,2751286699.0,1732458682480.0,165922.0,,a827865a-f495-5ef8-b12f-7b18830891fb,9f7c0003-5dcc-598e-8a3c-33fd507e4a25,107982.0,485427.0,,,,,59.83,67.17,41.73,8-r,13,13,False,False,out,7.0,2.0,0.0,feet,,,630534.0,,10.53,16.69,,False,,,8.0,8.0,1.0,5.0,0.0,5.0,False,1617.28,0.7306,True,True,True,,central,False,False,,False,central,False,,,True,,,,,,,,,,,,,,,,,,,,,,,,,,,,,,,,,,,,,,,,,,,,,,,,,,,,,,,,,,,,,,,,,,,,,,,,,,,,,,,,,,,,,,,,,,,,,,,,,,,,,,,,,,,,,,,,,,,,,,,,,,,,,,,,,,,,,,,,,,,,,,,,,,,,,,,,,,,,,,,,,,,,,,,,,1617.280029296875,2634.495029296875,1941.780029296875
2751296463.0,3264.0,775.0,1.0,2.0,79.0,47.0,cftj6g399tknheudaxsdpfdgb,547.0,165922.0,1.0,33.3,60.9,2024-11-24T14:39:18.829,2024-11-24T14:39:21,,5fb9091b-ba4e-4920-a3d8-417bfabc09c1,2.0,119703.0,2086.1201171875,1db9bdd2-75db-5e98-807a-24741142a580,5f3wfx327z9hef9k9l37c90wl,J. Grønning,#000033,,1db9bdd2-75db-5e98-807a-24741142a580,,,2442638.0,9213e835-f305-5d8d-b2a9-edf3dbe057a6,547.0,401.0,,,,0.92,14.14,,,,,,,,,,,,,,,,,2.0,,,119726.0,d6e41eea-94c9-5f37-b9fb-2e26027706f4,,forward,,,,central,,central,,pass,2751296463.0,1732459151320.0,165922.0,2491b718-d084-5d3d-82c5-a8941fbe67bb,0d4cec53-d5a7-5aa2-a55c-b1df2f107c24,a8f43227-f26d-5923-b52c-47deb9d88a75,119703.0,513456.0,513456.0,,,,14.14,67.7,59.68,8-l,8-l,8-l,False,True,reception,3.0,1.0,2.0,feet,,,574190.0,439449.0,1.74,3.97,,False,,,10.0,7.0,7.0,5.0,2.0,3.0,False,2086.12,0.8042,False,False,False,,central,False,False,,False,in_front,True,,,False,,,,,,,,,,,,,,,,,,,,,,,,,,,,,,,,,,,,,,,,,,,,,,,,,,,,,,,,,,,,,,,,,,,,,,,,,,,,,,,,,,,,,,,,,,,,,,,,,,,,,,,,,,,,,,,,,,,,,,,,,,,,,,,,,,,,,,,,,,,,,,,,,,,,,,,,,,,,,,,,,,,,,,,,,2086.1201171875,3103.3351171875,2410.6201171875
2751306913.0,3543.0,837.0,1.0,2.0,87.0,57.0,cftj6g399tknheudaxsdpfdgb,547.0,165922.0,1.0,58.8,33.6,2024-11-24T14:47:29.626,2024-11-24T14:47:31,,5fb9091b-ba4e-4920-a3d8-417bfabc09c1,2.0,131953.0,2576.1201171875,264cf8f8-8fcc-5591-9a81-1ce4dbe70327,5f3wfx327z9hef9k9l37c90wl,J. Grønning,#000033,,264cf8f8-8fcc-5591-9a81-1ce4dbe70327,,,2442638.0,f026db50-9ae4-5e40-a812-c06b7623cbfe,547.0,401.0,,,,1.2,9.79,,,,,,,,,,,,,,,,,2.0,,,131983.0,d97ce7a1-86e7-599d-971c-3e001eaab8cf,,backward,,,,central,,in_front,,pass,2751306913.0,1732459641320.0,165922.0,48240e56-31fa-5131-a1f1-c0d23a7b1390,dd5dd274-0d7b-535f-8e7e-8c8643ae4cd2,d8704a14-4d12-5460-bfb6-78de7d503709,131953.0,227701.0,227701.0,,,,9.79,44.44,54.23,11-r,11-r,8-r,False,True,reception,7.0,3.0,7.0,feet,free_kick,10.96,195456.0,,3.55,13.57,,False,,,8.0,11.0,11.0,5.0,6.0,7.0,False,2576.12,0.9549,False,False,False,,central,False,False,,False,central,False,,,False,,,,,,,,,,,,,,,,,,,,,,,,,,,,,,,,,,,,,,,,,,,,,,,,,,,,,,,,,,,,,,,,,,,,,,,,,,,,,,,,,,,,,,,,,,,,,,,,,,,,,,,,,,,,,,,,,,,,,,,,,,,,,,,,,,,,,,,,,,,,,,,,,,,,,,,,,,,,,,,,,,,,,,,,,2576.1201171875,3593.3351171875,2900.6201171875
2751307045.0,3547.0,839.0,1.0,2.0,88.0,0.0,cftj6g399tknheudaxsdpfdgb,547.0,165922.0,1.0,57.0,38.2,2024-11-24T14:47:32.121,2024-11-24T14:47:37,,5fb9091b-ba4e-4920-a3d8-417bfabc09c1,2.0,132052.0,2580.080078125,f2eb80a9-96d2-5a85-a96e-7b9cb17fa6c6,5f3wfx327z9hef9k9l37c90wl,J. Grønning,#000033,,f2eb80a9-96d2-5a85-a96e-7b9cb17fa6c6,,,2442638.0,f026db50-9ae4-5e40-a812-c06b7623cbfe,547.0,401.0,,,,2.16,32.04,,,,,,,,,,,,,,,,,2.0,,,132106.0,d97ce7a1-86e7-599d-971c-3e001eaab8cf,,square,,,,wide_left,,wide_right,,pass,2751307045.0,1732459645280.0,165922.0,75fab54e-31f4-5a85-b01e-8cfeb29351f2,4d22bf45-d51c-59f8-9911-9a82887ea5a1,d8704a14-4d12-5460-bfb6-78de7d503709,132052.0,485427.0,485427.0,,,,32.04,44.15,49.37,11-c,10,10,False,True,reception,4.0,3.0,2.0,feet,,,482336.0,,1.47,15.14,,False,,,8.0,10.0,6.0,4.0,5.0,5.0,False,2580.08,0.9862,False,True,False,,central,False,False,,False,central,False,,,False,,,,,,,,,,,,,,,,,,,,,,,,,,,,,,,,,,,,,,,,,,,,,,,,,,,,,,,,,,,,,,,,,,,,,,,,,,,,,,,,,,,,,,,,,,,,,,,,,,,,,,,,,,,,,,,,,,,,,,,,,,,,,,,,,,,,,,,,,,,,,,,,,,,,,,,,,,,,,,,,,,,,,,,,,2580.080078125,3597.295078125,2904.580078125
2751307329.0,3553.0,844.0,1.0,2.0,88.0,15.0,cftj6g399tknheudaxsdpfdgb,547.0,165922.0,1.0,55.6,31.2,2024-11-24T14:47:47.403,2024-11-24T14:47:51,,5fb9091b-ba4e-4920-a3d8-417bfabc09c1,2.0,132417.0,2594.679931640625,553b99ab-dec5-5945-96c2-d7c805963511,5f3wfx327z9hef9k9l37c90wl,J. Grønning,#000033,,553b99ab-dec5-5945-96c2-d7c805963511,,,2442638.0,f026db50-9ae4-5e40-a812-c06b7623cbfe,547.0,401.0,,,,3.4,36.05,,,,,,,,,,,,,,,,,2.0,,,132502.0,66ceb0a1-2cd3-5952-b520-afd4bc176314,,forward,,,,forward,,behind,,pass,2751307329.0,1732459659880.0,165922.0,50cdbb99-c84b-5ce8-93d0-f8daa82c71ed,cff0f418-41ad-5def-ac81-83df7313fe77,d8704a14-4d12-5460-bfb6-78de7d503709,132417.0,247714.0,247714.0,,,,36.05,46.74,29.57,11-r,18,18,False,True,reception,6.0,3.0,0.0,feet,,,630534.0,519888.0,3.17,5.27,,False,,,8.0,5.0,1.0,3.0,0.0,2.0,False,2594.68,0.5793,False,True,True,,central,False,False,,False,central,False,,,True,,,,,,,,,,,,,,,,,,,,,,,,,,,,,,,,,,,,,,,,,,,,,,,,,,,,,,,,,,,,,,,,,,,,,,,,,,,,,,,,,,,,,,,,,,,,,,,,,,,,,,,,,,,,,,,,,,,,,,,,,,,,,,,,,,,,,,,,,,,,,,,,,,,,,,,,,,,,,,,,,,,,,,,,,2594.679931640625,3611.894931640625,2919.179931640625
2751308659.0,3575.0,851.0,1.0,2.0,89.0,11.0,cftj6g399tknheudaxsdpfdgb,547.0,165922.0,1.0,38.8,74.1,2024-11-24T14:48:43.21,2024-11-24T14:48:56,,5fb9091b-ba4e-4920-a3d8-417bfabc09c1,2.0,133824.0,2650.9599609375,7e5a16b1-41e5-5fdb-a888-7e67bb945921,5f3wfx327z9hef9k9l37c90wl,J. Grønning,#000033,,7e5a16b1-41e5-5fdb-a888-7e67bb945921,,,2442638.0,2c09091d-e367-5c49-b7aa-e7303bcec6be,547.0,401.0,,,,11.84,51.41,,,,,,,,,,,,,,,,,2.0,,,134120.0,c7b4072e-ef0a-527d-ad2a-74104e836606,,forward,,,,forward,,central,,pass,2751308659.0,1732459716160.0,165922.0,2bed54e2-a958-5a98-8c8c-f4cafd9eb8b2,2416ee05-5986-566a-92df-ec4736e459ee,3fc9356c-d4a8-5f16-94a8-7dfe80f55f53,133824.0,485427.0,573252.0,,,,55.61,58.09,25.67,8-l,16,16,False,True,reception,2.0,2.0,0.0,feet,,,195456.0,447810.0,6.55,5.52,,False,,,7.0,6.0,1.0,5.0,0.0,3.0,False,2650.96,0.7636,True,True,True,,central,False,True,,False,central,True,,,True,,,,,,,,,,,,,,,,,,,,,,,,,,,,,,,,,,,,,,,,,,,,,,,,,,,,,,,,,,,,,,,,,,,,,,,,,,,,,,,,,,,,,,,,,,,,,,,,,,,,,,,,,,,,,,,,,,,,,,,,,,,,,,,,,,,,,,,,,,,,,,,,,,,,,,,,,,,,,,,,,,,,,,,,,2650.9599609375,3668.1749609375,2975.4599609375
2751309131.0,3606.0,857.0,1.0,2.0,89.0,44.0,cftj6g399tknheudaxsdpfdgb,547.0,165922.0,1.0,52.7,57.6,2024-11-24T14:49:16.25,2024-11-24T14:49:19,,5fb9091b-ba4e-4920-a3d8-417bfabc09c1,2.0,134574.0,2680.9599609375,e4a5f2f4-a1dd-5e5f-a8fd-fcf66e06138d,5f3wfx327z9hef9k9l37c90wl,J. Grønning,#000033,,e4a5f2f4-a1dd-5e5f-a8fd-fcf66e06138d,,,2442638.0,044695bd-63b7-5c2d-84be-a827d3ab0a49,547.0,401.0,,,,0.92,8.22,,,,,,,,,,,,,,,,,2.0,,,134597.0,68a04d20-a402-5e91-8220-2811ad070142,,backward,,,,central,,in_front,,pass,2751309131.0,1732459746160.0,165922.0,26ac554a-768a-50a6-bf17-a3b326881358,b8cbf54a-9e7e-55bd-b884-b754477e147f,d511741f-0087-5e41-bb13-93d9fe51a0ba,134574.0,227701.0,227701.0,,,,8.22,50.26,54.0,11-c,8-c,8-c,False,True,reception,8.0,3.0,2.0,feet,free_kick,7.12,482336.0,,8.68,11.56,,False,,,9.0,10.0,10.0,4.0,6.0,6.0,False,2680.96,0.9299,False,False,False,,central,False,False,,False,in_front,False,,,False,,,,,,,,,,,,,,,,,,,,,,,,,,,,,,,,,,,,,,,,,,,,,,,,,,,,,,,,,,,,,,,,,,,,,,,,,,,,,,,,,,,,,,,,,,,,,,,,,,,,,,,,,,,,,,,,,,,,,,,,,,,,,,,,,,,,,,,,,,,,,,,,,,,,,,,,,,,,,,,,,,,,,,,,,2680.9599609375,3698.1749609375,3005.4599609375
